{
  "config": {
    "base_path": "docs/species",
    "template": "_templates/species_template.md"
  },
  "items": {
    "Elves": {
      "name": "Elves",
      "type": "Humanoid",
      "origin": "Evolutionary Digergence",
      "lifespan": "750\u20131000 years",
      "physique": "Usually taller and more slender than humans, agile, with pointed ears and sharp facial features. Skin tones range from pale silver to deep forest green, to charcoal black depending on subrace.",
      "languages": [
        "Elvish",
        "Sylvaric"
      ],
      "custom_details": "",
      "homelands": "[Taliander](../../locations/nations/taliander)",
      "other_regions": "Widely spread across Sylvarus, second only to humans - usually stays on the western continent",
      "distribution": "",
      "history": "Elves are believed to be among the first sentient species to walk the world, shaped from song and moonlight by a forgotten celestial being. Their early history is closely tied to the Feywild.",
      "religion": "Primarily worship deities of nature, stars, and the arcane. Many venerate moon gods or goddesses.",
      "traditions": "Seasonal festivals, moon rites, coming-of-age vision quests.",
      "notable_figures": [
        "Aeriseth the Starlit",
        "Queen Illyra",
        "Vaelor the Dreambinder"
      ],
      "relationships": "Tense history with Dwarves due to resource disputes; relatively peaceful with Humans."
    }
  }
}